cluster_final,rank,score,id,year,month,tags_raw,macro_tags,text_preview
0,1,-0.19856536388397217,318640,2007,11,"[""Украина""]","[""politics_power""]","Украинцы переняли у испанцев корриду, теперь свиньи умирают красиво."
0,2,-0.18295633792877197,1234258,2021,7,"[""о жизни"", ""пенсионеры""]","[""health_medicine"", ""absurd_philosophy""]","Тайные названия пенсий: 400 000 - А теперь попробуй жить на то, что успел наворовать; 300 000 - Чья-то жена; 200 000 - Чей-то сын; 100 000 - Чей-то муж; 30 000 - Сука! заработал в советское время; 10 000 - Что ж ты никак не сдохнешь!"
0,3,-0.14260536432266235,537985,2011,10,"[""Медведев""]","[""politics_power""]","Медведев на совещании в МВД: - Мы оснастим нашего полицейского современным компьютером, радаром, алкотестером, индификатором, видеокамерой! Вопрос из зала: - А не тяжело ему будет за преступниками бегать? - Хороший вопрос... Пожалуй, достаточно будет свистка!"
0,4,-0.12879514694213867,394581,2009,4,"[""грипп"", ""Украина""]","[""politics_power"", ""health_medicine""]",В связи с эпидемией свиного гриппа в Украину уже завезена партия марлевых повязок с вырезом под пятачок.
0,5,-0.12824267148971558,853494,2016,10,"[""муж и жена""]","[""family_relationships""]","Недавно узнала, что мужские яички на рынке донорских органов стоят 4 миллиона евро. Смотрю на спящего мужа, и эта информация не даёт мне покоя..."
0,6,-0.1279587745666504,1428561,2023,11,"[""политика""]","[""politics_power""]","А все-таки американцы крутые, потому что придумали черную пятницу. Это когда любой черный может зайти в магазин и взять всё, что ему хочется, абсолютно бесплатно."
0,7,-0.12720882892608643,858473,2016,11,"[""звёзды"", ""сбербанк""]","[""media_popculture"", ""finance_economy""]","Стивен Сигал: - Вчера на мой счёт в Сбербанке кто-то ошибочно перевёл 73 доллара. - Это не ошибка, это пенсия."
0,8,-0.12057173252105713,727691,2014,10,"[""Украина""]","[""politics_power""]","Читал учебник по истории Украины. За истребление динозавров, суки, ответите!"
1,1,-0.16607093811035156,287587,2007,4,"[""Абрамович""]","[""politics_power""]","Блондинка заполняет анкету на сайте знакомств... Вопрос: ""Какое мужское имя вам нравится больше других?"" Ответ: ""Абрамович""."
1,2,-0.10503900051116943,1429276,2023,11,"[""сбербанк""]","[""finance_economy""]",- А я нашел идеальный способ отличать телефонных мошенников! - И как? - Да просто отправил в черный список номер настоящего Сбера!
1,3,-0.08935022354125977,631806,2013,3,"[""муж и жена""]","[""family_relationships""]","Утром после корпоратива самое страшное это не запах перегара и не головная боль, а восклицание жены: - Ну и красавец... Всё помнишь?!"
1,4,-0.08323365449905396,491406,2011,1,"[""муж и жена""]","[""family_relationships""]","Мужик провалился в колодец и просидел там 5 дней. Спасатели нашли его и вытащили, тут же вызвали жену. Жена очень радовалась и прыгала от счастья, так как думала, что никогда не увидит своего мужа трезвым."
1,5,-0.08141845464706421,607609,2012,10,"[""студент""]","[""education_children""]","- Ну ты чего начинаешь-то? Нормально же сидели, общались... - Вы на билет отвечать будете?"
1,6,-0.07822328805923462,622506,2013,1,"[""муж и жена""]","[""family_relationships""]","Муж застукал жену с любовником, поглядел на них и с радостным криком ""Дима свобо-оден!"" скрылся в неизвестном направлении."
1,7,-0.0762590765953064,300568,2007,7,"[""реклама""]","[""consumer_services""]","на тему рекламы - И как мне ему понравиться?? Надо стать.... - Кем!? кем надо стать!?? Не кем, а как."
1,8,-0.0712621808052063,765021,2015,5,"[""работа""]","[""work_professions""]",— Какой общий стаж работы по специальности? — Я же устраиваюсь на должность уборщицы. — Почему вы решили убирать именно наш туалет?
2,1,-0.16271328926086426,983068,2018,11,"[""мужчины""]","[""sex_gender""]","- Молодой, знаменитый, богатый, талантливый, умный, красивый, честный... - Можно всех посмотреть?"
2,2,-0.13100260496139526,704711,2014,6,"[""муж и жена""]","[""family_relationships""]",После фразы жены “Так хочется жареной соленой клубники” отец семерых детей потерял сознание.
2,3,-0.12803006172180176,502839,2011,3,"[""водка"", ""девушки""]","[""sex_gender"", ""alcohol_smoking_drugs""]",Девушка поела мороженое с водкой. Простыла в стельку.
2,4,-0.12683409452438354,645487,2013,7,"[""геи""]","[""sex_gender""]","Через двести лет геи научились рожать, да только дети у них получались какие-то говнистые..."
2,5,-0.12118560075759888,602388,2012,9,"[""объявления""]","[""consumer_services""]",Вылечиваю по фотографии! Отбеливаю зубы! Photoshop в 4-ом поколении!
2,6,-0.11965656280517578,236833,2006,6,"[""фильмы""]","[""media_popculture""]","- Помните в фильме ""Вспомнить все"" со Шварценнегером про Марс - там была такая женщина-мутантка с тремя грудями? Помните? Вот видите... Это-то вы помните, а третий закон Ньютона - нет!"
2,7,-0.10952377319335938,403610,2009,6,"[""фильмы""]","[""media_popculture""]","Оказывается, большинство немецких порнофильмов основано на реальных событиях..."
2,8,-0.10864031314849854,538468,2011,10,"[""Абрамович""]","[""politics_power""]","Всем поровну. Мужу - носки, жене - шубу. Абрамовичу - яхту, мне - пособие по старости."
3,1,-0.18354356288909912,626200,2013,2,"[""интернет""]","[""it_internet""]","- Сейчас преступники скачивают из Интернета уголовные дела и учатся по ним. - Умные, смотри-ка. - Умные скачивают только нераскрытые дела."
3,2,-0.16028833389282227,1116216,2020,5,"[""коронавирус""]","[""covid_pandemic""]",Изменения в театре в период пандемии коронавируса: Отелло задушит Дездемону бесконтактно.
3,3,-0.14803826808929443,658400,2013,9,"[""интернет""]","[""it_internet""]","Смотрю я на эти запреты трекеров судом, на эти гениальные интернет-законы. Совсем без ума, как дети малые. Интернет они блин запретить хотят. Идите сначала наводнение на Дальнем Востоке запретите. Потренируйтесь, ага."
3,4,-0.13965672254562378,581239,2012,5,"[""пошлые""]","[""sex_gender""]",- Почeму ты матeришься? - Пoтому что поcледовательная cмена cостояний и рeплик некотoрых индивидуумов угнeтает моё сoзнание. - Чтo? - Иди нахуй
3,5,-0.13710230588912964,1555694,2025,10,"[""кино""]","[""media_popculture""]","Нетфликс совсем сдулся. Вчера смотрел сериал про еврейские семьи, торгующие алмазами, и вы не поверите, но все роли в нём играют настоящие евреи и нет ни одного негра, трансвестита, лесбиянки или гея."
3,6,-0.13508999347686768,527271,2011,8,"[""тёща""]","[""family_relationships""]","Тёща мотоциклиста, проехав без шлема в люльке 20 километров, стала насекомоядной."
3,7,-0.13261568546295166,1208369,2021,4,"[""дети""]","[""education_children""]","Если дети кричат из соседней комнаты: ""Мама, папа, не беспокойтесь! Все в порядке!"" - это офигеть какой повод для беспокойства!"
3,8,-0.1240728497505188,631365,2013,3,"[""о жизни""]","[""absurd_philosophy""]","Из всех животных только человек умеет смеяться, хотя как раз у него для этого меньше всего поводов. © Эрнест Хемингуэй"
4,1,-0.20407307147979736,833732,2016,6,"[""Москва""]","[""cities_places""]","Те, кто жалуются, что в Москве раскопали все улицы, никогда не жили в провинции. В Москве хотя бы есть уверенность, что закопают обратно."
4,2,-0.18152761459350586,389527,2009,3,"[""врачи""]","[""health_medicine""]","Объявление на сайте знакомств: Холостой врач-гинеколог, без вредных привычек, ищет свою вторую половинку. Где ты, моя дорогая, любимая и единственная? Прием в будние дни с 10 до 17 ч., по записи."
4,3,-0.17258697748184204,448304,2010,4,"[""объявления""]","[""consumer_services""]","Объявление. Одинокий, флегматичный, молодой человек познакомится с апатичной девушкой для длительных, вялых отношений. Желательно по переписке."
4,4,-0.14167475700378418,-1022700003,1999,2,"[""Винни-Пух""]","[""literature_folklore_characters""]",Надпись на доме Винни Пуха - Посторонним в Ж.
4,5,-0.1378745436668396,1233986,2021,7,"[""космос""]","[""science_space""]","Президент компании Aerospace Dongfanghong Satellite звонит Рогозину: - Дмитрий Олегович, мы тут новый спутник запускаем, будь другом, посоветуй как его лучше назвать? - Иди нахуй! - Спасибо! Новость дня - ""Китай успешно вывел на орбиту спутник Tinahui-1-04 для проведения научных экспериментов"""
4,6,-0.13561606407165527,507826,2011,4,"[""геи"", ""Москва""]","[""sex_gender"", ""cities_places""]","В Москве может пройти гей-парад. По странному стечению обстоятельств этот день объявлен выходным для работников ГИБДД, депутатов Госдумы, преподавателей Института культуры, работников Всероссийской федерации футбольных судей, сборной России по футболу, ..."
4,7,-0.10143172740936279,-10085919,2000,11,"[""Куклачев""]","[""media_popculture""]","Рекламу ""Ваша киска купила бы Вискас"" нам помогал проверять дрессировщик Куклачев. Hо у него ничего не вышло. За бесплатно - жрет, тварь, а покупать не желает!"
4,8,-0.09564179182052612,415649,2009,9,"[""реклама""]","[""consumer_services""]",- Буквально всем в этой жизни я обязан рекламе! - Почему? - А я был зачат в рекламную паузу.
5,1,-0.11219960451126099,765011,2015,5,"[""школа""]","[""education_children""]","Вчера учили уроки. Я орала, ребёнок ревел, бабушка писала сочинение!"
5,2,-0.10656076669692993,755731,2015,3,"[""школа""]","[""education_children""]","Молоденькая учительница русского языка, диктуя детям диктант, нет-нет, а переходила на рэп."
5,3,-0.10343050956726074,106746,2004,7,"[""интернет""]","[""it_internet""]","- Папа, папа, а правда говорят, что от ICQ, чатов и ЖЖ люди тупеют? - Гыыыыы, сына, LOL :)"
5,4,-0.10134440660476685,513142,2011,5,"[""школа""]","[""education_children""]","На родительском собрании классный руководитель по ошибке собрала не по 300 рублей, а по 300 долларов. На следующей неделе был отремонтирован не только класс, но и бюст учительницы."
5,5,-0.08432990312576294,38365,2003,4,"[""студент"", ""школа""]","[""education_children""]","Первый день занятий в американской средней школе им. Джона Кеннеди. В четвертом классе новый ученик - сын бедного мексиканского эмигранта по имени Хозе Мартинез. Учительница говорит: - Начнем занятие с проверки ваших знаний по американской истории. Кто сказал: ""Дайте мне свободу или смерть!""? Она в…"
5,6,-0.07720810174942017,1163015,2020,11,"[""дети"", ""собаки""]","[""education_children"", ""animals""]","Малыш говорит отцу: - Если ты не собирался покупать мне собаку, то и меня не надо было покупать."
5,7,-0.07642793655395508,677210,2014,1,"[""русский язык"", ""соседи""]","[""everyday_life"", ""textual_forms""]",Вот у меня соседка молодец! Двадцать минут мужа матом крыла и ни разу не повторилась... А хули - учительница русского языка и литературы!
5,8,-0.07548075914382935,592345,2012,7,"[""школа""]","[""education_children""]","После занятий по истории выяснилось, что в нашем классе не все одинаково относятся к Суворову. Так, Наталья Пуля его терпеть не может, а вот Серёга Штык его просто обожает."
6,1,-0.19167983531951904,-1071800006,1999,7,"[""гаи""]","[""law_crime""]","К гаишнику подходит зебра: - Мужчина, - спрашивает она, - Вы в каком секс-шопе купили эту палочку?"
6,2,-0.14094895124435425,1510060,2025,2,"[""мужчины""]","[""sex_gender""]","Больше всего выкладываются на тренировках тридцатилетние мужчины, которые надеются, что их ёбнет инсульт, и на этом всё закончится."
6,3,-0.12009352445602417,424289,2009,11,"[""сигареты""]","[""alcohol_smoking_drugs""]","Подхожу к ларьку с сигаретами. Две тетки продавщицы долго треплются между собой, прежде чем обратить на меня внимание. Наконец даю деньги: - Кент, 3 пачки. - Сам трепач! Возьми свои сигареты..."
6,4,-0.11392074823379517,858105,2016,11,"[""мужчины""]","[""sex_gender""]","У Игоря были настолько неопределённые планы на вечер, что в магазине он купил презервативы, книгу и шпатель."
6,5,-0.10372757911682129,354861,2008,7,"[""милиция""]","[""army_police""]",Милиция и преступность: лекарство ужаснее болезни.
6,6,-0.08273184299468994,304912,2007,8,"[""сигареты""]","[""alcohol_smoking_drugs""]","Покупает мужик в магазине сигареты, тут же закуривает. Продавец ему: - Здесь нельзя курить! - Как! Я же только что купил у вас эти сигареты! - Что из этого? У нас и туалетная бумага продается!"
6,7,-0.08270394802093506,1054744,2019,10,"[""врачи""]","[""health_medicine""]",Доктор предложил мне пропить железо. Теперь у меня нет машины и гаража...
6,8,-0.0766216516494751,-2012000004,2000,1,"[""Челябинск""]","[""cities_places""]","Мужик в магазине покупает сотовый телефон. Продавец: - У этой модели есть настройки громкости звонка: ""без звука"", ""на собрании"", ""в комнате"", ""на улице"". Мужик: - А ""в цеху Челябинского тракторного"" там нет?"
7,1,-0.1264878511428833,-10018566,2001,10,"[""Ржевский""]","[""literature_folklore_characters""]","Наташа Ростов: - Ржевский, отныне относитесь к людям так, как вы хотели бы, чтобы люди относились к вам... Ржевский: - Это что же, Наташенька, мне теперь всем х*й сосать?"
7,2,-0.11477792263031006,258364,2006,10,"[""Ржевский""]","[""literature_folklore_characters""]","Дама: - Поручик Ржевский, я не сомневаюсь в вашей потенции, поэтому сыграйте пожалуйста следующую партию в бильярд – кием."
7,3,-0.09322208166122437,-33100004,1998,3,"[""студент""]","[""education_children""]","- Василий Иванович, сессия приближается!!! - Спокойно, Петька, подпустим поближе..."
7,4,-0.07982975244522095,597637,2012,8,"[""секс""]","[""sex_gender""]","- А ты знаешь, что во время секса обезьяны не испытывают оргазм? - Это тебе просто фригидная попалась..."
7,5,-0.07437878847122192,-471400003,1996,7,"[""Ржевский""]","[""literature_folklore_characters""]","Ехали однажды в дилижансе поручик Ржевский, старик-чиновник и его молоденькая жена. Старик-чиновник спал, и поручик разговорился с барышней. А она ему и признается: - Вы знаете, поручик, мой муж по роду службы так часто курсирует из Петербурга в Москву, из Москвы в Петербург, что порой мне кажется,…"
7,6,-0.07330930233001709,213152,2006,2,"[""Ржевский""]","[""literature_folklore_characters""]","Ржевский проездом остановился в провинциальной гостинице. Поздно вечером пришел к себе в номер, разделся, лег на постель и уже собирался заснуть, когда вдруг за стеной справа раздался надрывный женский вопль: - Подожди... подожди... не так быстро! Ржевский вновь попытался заснуть, когда из-за стены…"
7,7,-0.07306361198425293,-10037763,2001,7,"[""Винни-Пух""]","[""literature_folklore_characters""]",Купили Винни-Пух с Пятачком по порции мороженого. И так нализались!
7,8,-0.0680738091468811,-451100021,1996,5,"[""чапаев""]","[""literature_folklore_characters""]",Чапаев делает Анке операцию аппендицита. Петька ассистирует. - Скальпель! Спирт! Зажим! Спирт! Тампон! Спирт! Спирт! Спирт! Огурчик!
8,1,-0.08219325542449951,-2042700010,2000,4,"[""работа""]","[""work_professions""]","ТРИ ИСТОЧНИКА, ТРИ СОСТАВНЫЕ ЧАСТИ ... ИЛИ КОМУ В США ЖИТЬ ХОРОШО Национальные виды спорта: - поглощение гамбургеров и бигмаков; - стрижка лужайки перед домом; - заполнение налоговой декларации. Три хорошо развитых чувства: - чувство патриотизма; - чувство габаритов машины; - чувство расовой принад…"
8,2,-0.0494726300239563,945422,2018,4,"[""мобильный"", ""студент""]","[""education_children"", ""it_internet""]","Телефон автоматически меняет ""бинарники"" на ""свинарники"". Когда-нибудь настанет тот момент, когда я не замечу эту замену, и кто-то из студентов в ответ получит резкую критику своей работы."
8,3,-0.04751694202423096,92759,2004,4,"[""студент""]","[""education_children""]","Новости спорта. Вчера студенты физкультурного института Петров А.А. и Сидоров В.В. установили новый мировой рекорд для закрытых помещений. Закрывшись в комнате общежития, они за сутки выпили 17 ящиков пива."
8,4,-0.04537475109100342,967053,2018,8,"[""авто""]","[""transport""]",Цыган сдаёт экзамен по вождению. Инспектор: какой знак видите? Цыган: алюминиевый
8,5,-0.030304670333862305,575700,2012,4,"[""студент""]","[""education_children""]","Студенты духовной семинарии, у которых после сессии имеются хвосты, в обязательном порядке проходят проверку на наличие рогов и копыт."
8,6,-0.028470218181610107,909250,2017,9,"[""интернет"", ""студент""]","[""education_children"", ""it_internet""]","Завтра экзамен: - O'key, гугл, скачать мозги онлайн бесплатно."
8,7,-0.012820601463317871,1531647,2025,6,"[""школа""]","[""education_children""]","- Вчера посмотрел ""Ярмарку тщеславия"". - Выпускной бал, что ли?"
8,8,-0.002102494239807129,-10080379,2000,12,"[""студент""]","[""education_children""]","Все же самые странные и необычные животные - это... студенты! У всех нормальных животных растет хвост из жопы, а у студентов жопа растет из хвостов :(("
9,1,-0.1316555142402649,486604,2010,12,"[""объявления"", ""Одесса""]","[""consumer_services"", ""cities_places""]","Объявление в ""Вечерней Одессе"": ""Вчера вечером в порту загуляла и не вернулась домой сука пегой масти с белой грудью по кличке ""Маня"". Нашедшего просят передать ей, что, если сунется домой, муж её пристрелит""."
9,2,-0.08328759670257568,760867,2015,4,"[""муж и жена"", ""Рабинович""]","[""family_relationships"", ""literature_folklore_characters""]","В Одессе: - Рабинович, вчера в оперном театре я видел вашу супругу. Она так кашляла, что все на неё оглядывались. У неё что, хронический бронхит? - Нет, у Сарочки новое платье."
9,3,-0.06053876876831055,1087055,2020,2,"[""авто""]","[""transport""]","Если один дальнобойщик спит, машину ведёт его напарник. Если спят оба, ведёт более опытный."
9,4,-0.04707348346710205,-1073000003,1999,7,"[""Украина""]","[""politics_power""]","Тихая украинская ночь. Выходит Параска и с диким ужасом обнаруживает у себя в огороде кур соседки Одарки. Крик медленно поднимается по звуковому уровню до децибелов взлетающего ""Боинга"". - Одарка, да твои куры, гады, чего в моем огороде делают!? - То мои куры гады? Да ты сама гадина! - Я гадина? Да…"
9,5,-0.04699009656906128,822773,2016,4,"[""звёзды""]","[""media_popculture""]","— Сфотографируй меня около памятника Высоцкому! — Это не Высоцкий, это Безруков. — Ну пойдем тогда к памятнику Пушкину. — Тоже он. — Тогда к Есенину! — Приглядись, это тоже он. — Господи, да он везде что ли, пойдем около берёзки пофоткаемся. — У меня для тебя плохие новости..."
9,6,-0.044023334980010986,677363,2014,2,"[""метро""]","[""transport""]","Еду в метро, тётка красит губы. Поезд резко остановился. Теперь она джокер."
9,7,-0.042152225971221924,301362,2007,7,"[""тёща""]","[""family_relationships""]","Теща смотрит в окно на пустынный двор. Зять гладит утюгом шнурки. Теща: - Да, во дворе ни души... - А где душить, мама?!"
9,8,-0.04178464412689209,-1062700008,1999,6,"[""работа""]","[""work_professions""]","Когда один американский бизнесмен ссорится с другим бизнесменом, он говорит ему: ""Я пришлю к Вам своего адвоката"" и уходит .. Когда русский бизнесмен ссорится с другим бизнесменом, он думает: ""Я пришлю к тебе своего киллера"" и молча уходит.."
10,1,-0.18741071224212646,-2032400005,2000,3,"[""Шерлок Холмс""]","[""literature_folklore_characters""]","Шерлок Холмс просыпается утром и говорит Ватсону: - Вы смотрели всю ночь порнуху. - А как вы догадались, Холмс? - Во-первых, у вас глаза красные. - Правильно, а во-вторых?.. - А во-вторых, у меня больше ничего нет."
10,2,-0.1467074751853943,-492800005,1996,9,"[""Шерлок Холмс""]","[""literature_folklore_characters""]","- Ватсон, что вы думаете, видя эти звезды над нами? - Я думаю о бесконечности Вселенной, о бренности всего земного, о ничтожности наших людских забот и стремлений... А вы, Холмс? - А я думаю, какой негодяй свистнул нашу палатку посреди ночи?!"
10,3,-0.0904850959777832,319842,2007,11,"[""звёзды""]","[""media_popculture""]","Не понимаю, как люди, видевшие Лолиту Милявскую, могут называть Ксению Собчак *лошадью*! Ну самое большее *пони*, блин!"
10,4,-0.08661210536956787,371722,2008,11,"[""Шерлок Холмс""]","[""literature_folklore_characters""]","Остановились Холмс и Ватсон в гостинице. Утром Ватсон жалуется: — Ночью с двух до трех кто-то стучал снизу палкой. — Это ужасно, — отвечает портье, — господин Шерлок Холмс не смог заснуть? — К счастью, в это время он обычно играет на скрипке."
10,5,-0.0815436840057373,704169,2014,6,"[""кредиты""]","[""finance_economy""]","Вор забирается в дорого обставленную квартиру, и видит на столе записку: ""Даже не ищите наличные, все куплено в кредит - вот копии договоров""."
10,6,-0.07938247919082642,-42500028,1998,4,"[""Шерлок Холмс""]","[""literature_folklore_characters""]","Шерлок Холмс прочитал заметку в газете о своей сметри. Звонит Ватсону: -Послушайте, дорогой Ватсон, вы читали сегодняшний выпуск.... -О...Холмс, какое горе, какое горе, примите сердечнейшие соболезнования... Я уже и миссис Хадсон сообщил, как она расстроена... Кстати, Холмс, откуда вы звоните?"
10,7,-0.05319482088088989,1525899,2025,5,"[""дети"", ""секс"", ""семья""]","[""family_relationships"", ""sex_gender"", ""education_children""]","- Котик мой, я хочу сказать тебе что-то важное - Да, Зая, что такое? - Знаешь, Котик, я беременна - Разве у котов и зайцев бывают общие дети?"
10,8,-0.05307227373123169,631621,2013,3,"[""погода""]","[""everyday_life""]",Весна сугробами красна.
11,1,-0.12531208992004395,732591,2014,11,"[""дети""]","[""education_children""]",Маленькие сестра с братом обсуждают письмо Деду Морозу. Девочка: - А давай попросим у него двух маленьких кроликов? - Ты чего?! Они же гадят и грызут всё вокруг! - А мы их в твоей комнате поселим.
11,2,-0.12269335985183716,-9999662,2001,12,"[""Дед Мороз""]","[""media_popculture""]","Идет Дед Мороз по Тверской. Навстречу - проститутки. Подходит одна из них и говорит: - Здравствуй, дедушка. - Здравствуй, внученька, с наступающим тебя, только подарочка у меня нет. - Ничего, дедушка. Зато у меня для тебя есть. Расстегивает ему ширинку и начинает делать минет. - Ааа-х, ууу-х, молод…"
11,3,-0.10750174522399902,-9999681,2001,12,"[""Дед Мороз""]","[""media_popculture""]","Прибегает Снегурочка к Деду Морозу вся в слезах: - Дедушка, я никода не смогу испытать оргазм! - Да почему, глупенькая?! - Ну, как же - мне соседские бабы сказали, что они от оргазма просто тают!"
11,4,-0.10749638080596924,1069690,2019,12,"[""Дед Мороз"", ""дети"", ""новогодний""]","[""education_children"", ""media_popculture"", ""religion_holidays""]",Неверие в Деда Мороза — это детский атеизм.
11,5,-0.10009300708770752,1108109,2020,4,"[""коронавирус""]","[""covid_pandemic""]","О том, что карантин затянется, я понял, когда разрешили на паспорт фотографироваться в маске."
11,6,-0.09006935358047485,1162446,2020,11,"[""новогодний"", ""тв""]","[""media_popculture"", ""religion_holidays""]","- В Думе обсуждают закон о запрете продажи алкоголя 1 и 2 января. - И какова цель? - Обеспечить спрос на телевизоры, взамен разбитых протрезвевшими людьми..."
11,7,-0.08778369426727295,132719,2004,12,"[""Дед Мороз""]","[""media_popculture""]","- Папа! А Дед Мороз может отобрать подарки назад? - Ну, наш, который живет в лесу, не может, а который в Кремле, - может!"
11,8,-0.08235794305801392,903963,2017,8,"[""погода""]","[""everyday_life""]","У нас дома в последнее время была такая жара, что я наконец не выдержал и поставил кондиционер. И знаете, помогло – со следующего дня начались дожди, стало прохладнее."
12,1,-0.11324065923690796,252841,2006,9,"[""смс""]","[""it_internet""]","Тема сочинения: ""Образ матери в sms-сообщениях""."
12,2,-0.08642804622650146,1155214,2020,10,"[""почта""]","[""everyday_life""]","Бабуля отправила любимое варенье по почте. Залила все монтажной пеной, потому что почте России доверять нельзя."
12,3,-0.07742059230804443,-9974722,2002,4,"[""Билл Гейтс""]","[""it_internet""]","Если полет в космос стоит 20 миллионов долларов, то Билл Гейтс может смело покупать себе проездной."
12,4,-0.06013244390487671,898572,2017,7,"[""почта""]","[""everyday_life""]","- Признавайтесь, кто отправил мне голубиной почтой говно?"
12,5,-0.05312967300415039,23605,2003,1,"[""Билл Гейтс""]","[""it_internet""]","Встречаются два юзера. Один говорит: - Слышал? Билл Гейтс-то, оказывается, немец! - Почему? - Слово ""глюк"" для него переводится как ""счастье""..."
12,6,-0.04844558238983154,78266,2004,1,"[""Билл Гейтс""]","[""it_internet""]","Ночью приснился Билл Гейтс. Интересно, это к деньгам или к вируcам?"
12,7,-0.044313669204711914,924477,2017,12,"[""Чак Норрис""]","[""media_popculture""]","Извините, что про биткоины, но показалось смешным: ""Чак Норрис майнит биткоины в уме."""
12,8,-0.044024527072906494,-10069736,2001,1,"[""Билл Гейтс""]","[""it_internet""]",- Какова состояние Билла Гейтса? - Каждому китайцу по 40 баксов...
13,1,-0.14003485441207886,617321,2012,12,"[""девушки""]","[""sex_gender""]","""Нет"" - значит, нет. А вот ""не-а"" - значит, да, но я пока повыё**ваюсь..."
13,2,-0.11791062355041504,587266,2012,6,"[""британские ученые"", ""тараканы""]","[""animals"", ""science_space""]","Британские учёные выяснили, что тараканы живут на Земле уже 250 миллионов лет. Это что же получается: они пережили динозавров, а мы их тапком?!.. Это несерьёзно..."
13,3,-0.10645073652267456,784596,2015,9,"[""британские ученые""]","[""science_space""]","Британские ученые открыли американских ученых, которых по ошибке закрыли в женском туалете."
13,4,-0.09268701076507568,496826,2011,2,"[""спорт""]","[""sport""]","Недавно поспорил с боксёром. Кто в итоге оказался прав, не помню..."
13,5,-0.07981467247009277,1098828,2020,3,"[""девушки""]","[""sex_gender""]","После окончания ""выходных"" недель главной темой страны станет ""Дорогой, я толстая?"""
13,6,-0.07013213634490967,704722,2014,6,"[""сигареты""]","[""alcohol_smoking_drugs""]","Дома царит праздничная атмосфера - жене отказались продать сигареты без паспорта. Не поверили на слово. Она танцует и поёт. Ещё немного, и к ней начнут слетаться птички и сбегаться белочки."
13,7,-0.06335937976837158,1047824,2019,9,"[""сигареты""]","[""alcohol_smoking_drugs""]","Приезжает мужик с недельной командировки, а у него 7 штрафов за курение на балконе..."
13,8,-0.06299841403961182,507818,2011,4,"[""британские ученые""]","[""science_space""]","Британские учёные изобрели такой прибор, с помощью которого можно легко проходить сквозь стены, а назвали его вообще прикольно - дверь."
14,1,-0.2269902229309082,631810,2013,3,"[""русский язык""]","[""textual_forms""]","Запомните несложное правило русского языка: Слово ""извините"" говорят, когда хотят сделать какую-то гадость. А слово ""простите"" - когда эту гадость уже сделали."
14,2,-0.19078528881072998,645479,2013,7,"[""русский язык""]","[""textual_forms""]","Как надоели эти иностранные словечки, заполонившие русский язык! Вот, например, толерантность... Ну чем вам похуизм-то не нравится???"
14,3,-0.18837082386016846,939737,2018,3,"[""интернет""]","[""it_internet""]","Уважаемые посетители! Огромная просьба - не перегибать с идиоматическим выражениями в своих постах на нашем сайте. Иными словами, все выражения, типа [удалено модератором] и [удалено модератором], а также [удалено модератором] будут удаляться модератором."
14,4,-0.16733747720718384,550940,2011,12,"[""русский язык""]","[""textual_forms""]","Это только в русском языке на вопрос ""Куда?"" можно ответить ""Гулять!""."
14,5,-0.13063669204711914,1486799,2024,10,"[""дети"", ""русский язык""]","[""education_children"", ""textual_forms""]","- Мама, можно я погуляю отсюдова и дотудова? - В русском языке нет слов ""отсюдова"" и ""дотудова"". - А докудова есть?"
14,6,-0.07122606039047241,461362,2010,7,"[""нанотехнологии""]","[""science_space""]","Тест на сообразительность. Прочтите список: а) силиконовая долина Вексельберга; б) нанотехнологии Чубайса; в) автомобиль Прохорова; г) сказки Пушкина. 1) Что по вашему мнение объединяет эти пункты? Правильный ответ: жанр ""фэнтези"" 2) А что по вашему мнению лишнее? Правильный ответ: господа указанны…"
14,7,-0.06979978084564209,663428,2013,10,"[""армия""]","[""army_police""]","А знаете, почему подъём в армии в 6 утра? Всё, что хочется в 6 утра — это убивать."
14,8,-0.06649971008300781,587055,2012,6,"[""девушки"", ""мужчины""]","[""sex_gender""]","Семён читал Цветаеву и Мандельштама, Людмила танцевала мазурку, Анатолий подыгрывал на фортепиано, и всё потому, что этот придурок Вадим не успел в магазин до 22:00..."
15,1,-0.03174394369125366,314188,2007,10,"[""армия""]","[""army_police""]","Солдаты чистят картошку и рассуждают о тяготах военной службы: - У меня старшина, ну, прямо зверь. - Это что, вот у меня старшина, как баба. - !? - Одни наряды на уме... /Бирашевич Владимир/"
15,2,-0.026722371578216553,-1092300006,1999,9,"[""таможня""]","[""law_crime""]","Социологический опрос таможенников СНГ. Сколько времени вам требуется для покупки BMW? Украинский таможенник: - Ну три месяца, не меньше. Беларусский таможенник: - Да месяцев пять. Российский таможенник после минутного раздумья: - Не менее пяти лет. - ? - Да уж очень фирма крупная."
15,3,-0.021384596824645996,789828,2015,10,"[""гаи""]","[""law_crime""]","Сотрудник ГИБДД, заблудившийся в подмосковном лесу, воспользовавшись помощью сознательных и благожелательных граждан, уже через какой-то год с небольшим вышел из чащи под Владивостоком."
15,4,-0.011438310146331787,983225,2018,11,"[""авто""]","[""transport""]","Не сердись, если тебя подрезала какая то крутая тачка, с крайнего правого ряда прямо перед твом капотом повернув налево, через двойную сплошную... Просто уважаемый человек опаздывает на свидание, в гейклуб..."
15,5,-0.006132006645202637,508165,2011,4,"[""милиция""]","[""army_police""]","Интересно, а полиция до сих пор ещё внутренние органы или уже внешние..."
15,6,0.0001614689826965332,491525,2011,1,"[""милиция""]","[""army_police""]","Доблестная полиция на улицах Посквы, разъезжая с включенными пигалками, будет охранять мокой Педведева и Мутина...."
15,7,0.0024123787879943848,403887,2009,6,"[""блондинки""]","[""sex_gender""]","- Кто это тут ограждение сбил? - Блондинка на иномарке! - Номер не запомнил? - Да, пожалуй, пятый будет!!"
15,8,0.0031406283378601074,732376,2014,11,"[""гаи""]","[""law_crime""]","Гаишник, который пять лет просидел с радаром в кустах, приобрёл способность к фотосинтезу."
16,1,-0.07542240619659424,42852,2003,5,"[""армянское радио""]","[""literature_folklore_characters""]","Армянское радио. Карен и Армен всю жизнь мечтали побывать в Третьяковской галерее... Но их радость была бы не полной, если бы их задержали с украденой картиной на выходе. Ronaldo999."
16,2,-0.07323986291885376,481304,2010,11,"[""Сочи 2014""]","[""sport""]",Завершается всенародный конкурс на лого и талисман Сочинской олимпиады. В той или иной степени тема пилы присутствует на 58% представленных работ.
16,3,-0.05997973680496216,884254,2017,4,"[""Валуев""]","[""politics_power""]",Николаю Валуеву всегда удаётся вставить флэшку с первого раза.
16,4,-0.040162742137908936,587247,2012,6,"[""политика""]","[""politics_power""]",Россияне готовятся потуже затянуть свои пояса на шеях единоросов...
16,5,-0.03869348764419556,663299,2013,10,"[""Сочи 2014""]","[""sport""]",Надо было Сочинский факел назвать «Ипотека». Тогда бы он хрен когда погасился.
16,6,-0.00655752420425415,677365,2014,2,"[""Сочи 2014""]","[""sport""]","Лет эдак через двадцать в учебниках по новейшей истории России точно будет глава: ""Период восстановления народного хозяйства после Сочинской олимпиады. 2014-2024 гг."""
16,7,0.0007590055465698242,-1022500010,1999,2,"[""спорт""]","[""sport""]","Парень купил билет на Кубок Мира по футболу у сотрудника. Когда он пришел на стадион, его место оказалось на самом последнем ряду и к тому же в углу. Через некоторое время он заметил в бинокль, что одно место свободно, в 10-ом ряду от поля и прямо по центру. Он решил рискнуть и, проскользнув мимо м…"
16,8,0.002246856689453125,190569,2005,10,"[""спорт""]","[""sport""]","В футбольной команде сменился капитан, и команда стала подряд все матчи выигрывать. Бывший капитан думает, в чем же дело? игроки ведь те же самые. Позвонил новому капитану и говорит - объясни, мол, почему такой успех. Новый объясняет: - Да это очень просто. У тебя раньше перед матчем судья просил м…"
17,1,-0.059152066707611084,313969,2007,10,"[""Гарри Поттер""]","[""literature_folklore_characters""]","Идет парень по дороге, вдруг навстречу ему чувак со шрамом в виде молнии. Парень (обалдев): - О!!! Гарри Поттер?! 8-0 Чувак (грустно): - Да нет, в опель влетел...("
17,2,-0.050382792949676514,956355,2018,6,"[""интернет"", ""реклама"", ""фильмы""]","[""it_internet"", ""media_popculture"", ""consumer_services""]","Скорость современного Интернета и длительность рекламных пауз позволяют за время рекламы скачать фильм целиком, и дальше смотреть, уже не отвлекаясь на рекламу."
17,3,-0.03724050521850586,538477,2011,10,"[""Карлсон""]","[""literature_folklore_characters""]","Лужков - это российский Карлсон! Любит варенье и мед. Улетел, но обещал вернуться!"
17,4,-0.03486078977584839,38882,2003,4,"[""звёзды""]","[""media_popculture""]","Попали на необитаемый остров Кристина Орбакайте, Наташа Королева и Алсу. Плохо дело: лодки нет, есть нечего. Одно хорошо - нашелся сотовый телефон, только в нем заряда осталось на один звонок. - Надо позвонить моей маме. Она сделает все, чтобы меня спасти, - говорит Кристина. - Не-ет, - возражает Н…"
17,5,-0.03252065181732178,-10069690,2001,1,"[""Штирлиц""]","[""literature_folklore_characters""]","Борман Мюллеру: - Вчера на Штирлице новый детектор лжи проверяли. Я ему: ""Ваша фамилия?"" Он: ""Исаев."" Прибор молчит. Я: ""Профессия?"" Он: ""Русский шпион."" Прибор опять молчит. Мюллер: - Говорил я тебе, напиши рапорт... Вечно неисправную технику нам шлют!!!"
17,6,-0.027615606784820557,346998,2008,5,"[""звёзды""]","[""media_popculture""]",На конкурсе Евровидения 2009 снова выступит Дима Билан. Плющенко не будет кататься по искусственному льду. Через козла будет прыгать Алексей Немов.
17,7,-0.02218681573867798,101679,2004,6,"[""кино""]","[""media_popculture""]","Дед бил - не разбил, Баба била - не разбила. Смотрите в кинотеатрах с 1 августа Супер-Боевик: ""Яйцо наносит ответный удар""."
17,8,-0.020597398281097412,760857,2015,4,"[""война""]","[""army_police""]","Ветеран войны пришёл накануне 70-летия Победы с внуками на Красную площадь. - Я помню, - рассказывает он, - как мы в сорок первом году Мавзолей маскировали от фашистов. Они ведь тогда были совсем рядом... Тут, подходя поближе, он замечает, что мавзолей снова замаскирован. - Шо, опять?!.."
18,1,-0.08057188987731934,1137721,2020,8,"[""русский язык""]","[""textual_forms""]","Исправьте ошибку в слове ""херошо"", и я скажу вам, оптимист вы или пессимист."
18,2,-0.07612913846969604,201312,2005,12,"[""работа""]","[""work_professions""]","В канун Нового года генеральный директор заходит к менеджерам в кабинет. На столах водка, закуски, все курят. Директор говорит, возмущаясь: - Я же запретил пить и курить на работе!!! Тут поднимается один из самых трезвых сотрудников: - Шеф, блин, а кто ра-а-аботает-то?!"
18,3,-0.03740072250366211,1439510,2024,1,"[""тв"", ""школа""]","[""education_children"", ""media_popculture""]","- Почему не пугает вас, что почти никто не сможет объяснить, почему воткнутый в розетку вентилятор КРУТИТСЯ? - Объясняю. Потому, что переменный ток - он синусоидальной формы. А его запихивают в прямые провода. На выходе он снова расправляется и эта сила крутит лопасти. Чего сложного-то?))) - Умник…"
18,4,-0.03196108341217041,1402852,2023,6,"[""армия""]","[""army_police""]","– Ты знаешь, воин мужественный, что можно доверить солдату? – Никак нет, товарищ старший прапорщик! – Солдату можно доверить только сторожить большой чугунный шар! Объясняю. Почему шар? Чтобы не укололся! Почему чугунный? Чтобы не утащил! Почему большой? Чтобы не проглотил!"
18,5,-0.02391839027404785,744742,2015,1,"[""космос""]","[""science_space""]","Все атомы нашего организма улетят в космос в процессе распада Солнечной системы, чтобы обрести вечную жизнь в виде массы или энергии. Вот чему нужно учить детей, а не рассказывать им сказки об ангелах и воссоединении с умершей бабушкой на небесах. © Каролин Порко, астроном"
18,6,-0.003975212574005127,-523100008,1996,12,"[""авиация""]","[""transport""]","Летит новый русский на самолете в Германию. Стюардесса объявляет: - Hаш самолет через несколько минут приземлится в городе Баден-Баден. HР (недовольный голос, распальцовка): - Hу, в натуре, че два раза-то повторять? Hе лохи же летят..."
18,7,0.02134639024734497,-1102500002,1999,10,"[""Колобок""]","[""literature_folklore_characters""]","катится колобок куда глаза глядят: земля-небо, земля-небо..."
18,8,0.022927403450012207,1108650,2020,4,"[""коронавирус"", ""русский язык""]","[""covid_pandemic"", ""textual_forms""]",И коротко о ситуации оборотами Великого и Могучего: • Авиаперевозчики в пролёте • Турагенты ждут у моря погоды • В ресторанах запахло жареным • Фитнес-клубы протягивают ноги • У топливных компаний дело пахнет керосином • Мебельный бизнес дал дуба • Производители одежды затягивают пояса • Коворкинги…
19,1,-0.13171279430389404,164147,2005,5,"[""армянское радио""]","[""literature_folklore_characters""]","Армянское радио спрашивают: - Как сделать походы по женским магазинам увлекательными для мужчин? Армянское радио отвечает: - Надо показывать в салонах женской одежды порнофильмы или хотя бы легкую эротику. Мужчин это будет задерживать, а женщин - торопить... Петроff"
19,2,-0.06949013471603394,207290,2006,1,"[""армянское радио""]","[""literature_folklore_characters""]","Армянское радио спрашивают:""Что такое миссионерская позиция""? - Это когда жена лежит на спине. - А муж? - А муж уехал миссионером в Африку."
19,3,-0.0594027042388916,-1122400002,1999,12,"[""Одесса""]","[""cities_places""]","Одесское радио спрашивают: ""Скажите, как назвать сына, если папа-еврей, мама-русская и оба националисты?"" Одесское радио отвечает: ""Изяслав""."
19,4,-0.04215937852859497,-9975257,2002,4,"[""работа""]","[""work_professions""]","Молодой адвокат устраивается на работу в соответствующую контору. Менеджер отдела кадров задает ему вопрос: - Вы считаете себя честным человеком? - Несомненно! Вот пример: как только я выиграл свой первый процесс, я отдал отцу 10 000 долларов, которые он одолжил мне на учебу. - Да, это впечатляет.…"
19,5,-0.029599666595458984,-10069359,2001,2,"[""работа""]","[""work_professions""]","Приходит в банк один начинающий бизнесмен занять немного денег на похороны отца, а залога никакого нет. Он начинает плакаться банкиру, так мол и так, помоги... Банкир в ответ говорит: - Ладно, посмотри мне в глаза, один глаз у меня не настоящий, стеклянный, вот если определишь, какой из них стеклян…"
19,6,-0.02233576774597168,1555489,2025,10,"[""армянское радио"", ""девушки""]","[""sex_gender"", ""literature_folklore_characters""]","– Можно ли гладить нейлоновые чулки? Армянское радио: – Можно, если они на хорошенькой ножке."
19,7,-0.012603998184204102,-2022500002,2000,2,"[""армянское радио""]","[""literature_folklore_characters""]","Армянскому радио задают вопрос: - Сколько человек живет в Чечне? Армянское радио отвечает: - Пока не знаем, там сейчас идет пере_пиздь населения."
19,8,-0.012169599533081055,1123585,2020,6,"[""политика""]","[""politics_power""]","Тележурналист берет интервью у женщины на улице. - Одобряете ли вы поправки к конституции? - Конечно. У нас в стране станет больше квалифицированных учителей и врачей. Повысится грамотность населения, увеличится количество талантливых ученых... Слегка обалдевший журналист спрашивает: - Извините, в…"
